Name,Revenue,Contribution Margin
test,4.9407e+08,1.80225e+080
test,4.9407e+08,1.58348e+080
test,2.75451e+08,7.22431e+070
test,4.72811e+08,1.80056e+080
test,4.72811e+08,1.7796e+080
test,4.9407e+08,1.40779e+080
test,4.9407e+08,1.79748e+080
test,4.9407e+08,1.61384e+080
test,3.0601e+08,8.06068e+070
test,1.42509e+08,3.27872e+070
test,1.42509e+08,3.07805e+070
test,3.97468e+08,9.55485e+070
